{
    "thoughts": {
        "text": "To accomplish the goals, the next step is to generate a comment in C language that writes 'hello cat'.",
        "reasoning": "Adding comments to the codebase will improve its readability and understanding. By generating a comment that writes 'hello cat', we can clearly explain the intention of the code in a concise manner.",
        "plan": "1. Find the appropriate location in the codebase to add the comment.\n2. Generate a C language comment that writes 'hello cat'.\n3. Write the commented code to a file named '1.c' in the 'auto_gpt_workspace' directory.",
        "criticism": "The generated comment should be meaningful and provide valuable information about the code.",
        "speak": "To accomplish the goals, the next step is to generate a comment in C language that writes 'hello cat'."
    },
    "command": {
        "name": "write_to_file",
        "args": {
            "filename": "auto_gpt_workspace/1.c",
            "text": "/*\n * This code writes 'hello cat' to the console.\n *\\/\n\n#include <stdio.h>\n\nint main() {\n    printf('hello cat');\n    return 0;\n}"
        }
    }
}