{
    "thoughts": {
        "text": "To accomplish the goal of developing a comprehensive API that integrates Google Drive with the operating system, I could create a Python script that utilizes the Google Drive API to manage file operations such as upload, download, and synchronization. This script can be executed to perform the necessary tasks. However, it seems that I am missing the necessary `google_drive_credentials.json` file in order to proceed with the integration. I will need to acquire the credentials file first.",
        "reasoning": "Creating a script to interact with the Google Drive API is an efficient way to integrate Google Drive with the MegaConnector system, as it allows for seamless file management and synchronization.",
        "plan": "- Acquire the necessary `google_drive_credentials.json` file to proceed with the Google Drive integration.\n- Create a Python script that utilizes the Google Drive API.\n- Use the script to perform file operations such as upload, download, and synchronization.\n- Execute the script to integrate Google Drive with the MegaConnector system.",
        "criticism": "",
        "speak": "To integrate Google Drive with the MegaConnector system, I will need to acquire the necessary `google_drive_credentials.json` file first. Shall I proceed with acquiring the credentials?"
    },
    "command": {
        "name": "web_search",
        "args": {
            "query": "How to acquire Google Drive API credentials"
        }
    }
}