{
    "thoughts": {
        "text": "To continue configuring CloudMounter and setting up the payment, we need to access the CloudMounter settings. The most suitable command for this task is `list_files` to check if the settings file exists and locate its directory.",
        "reasoning": "By using the `list_files` command, we can check if the CloudMounter settings file exists and locate its directory for further configuration.",
        "plan": "- Use the `list_files` command to check if the CloudMounter settings file exists and locate its directory.\n- Modify the settings file to optimize performance and enable seamless access to cloud storage services.\n- Set up the payment settings, linking CloudMounter to the paid.php system for secure and reliable payments.",
        "criticism": "Using the `list_files` command requires additional steps to modify the settings file after locating its directory.",
        "speak": "To configure CloudMounter and set up the payment, I will first check if the settings file exists using the `list_files` command."
    },
    "command": {
        "name": "list_files",
        "args": {
            "directory": "/path/to/settings/folder"
        }
    }
}