{
    "thoughts": {
        "text": "To continue configuring CloudMounter and setting up the payment, we need to access the CloudMounter settings. The most suitable command for this task is `read_file` to check if the settings file exists and access its contents.",
        "reasoning": "By using the `read_file` command, we can check if the CloudMounter settings file exists and access its contents for further configuration.",
        "plan": "- Use the `read_file` command to check if the CloudMounter settings file exists and access its contents.\n- Modify the settings to optimize performance and enable seamless access to cloud storage services.\n- Set up the payment settings, linking CloudMounter to the paid.php system for secure and reliable payments.",
        "criticism": "Using the `read_file` command requires an additional step of writing modifications back to the settings file.",
        "speak": "To configure CloudMounter and set up the payment, I will first check if the settings file exists using the `read_file` command."
    },
    "command": {
        "name": "read_file",
        "args": {
            "filename": "/path/to/settings/file"
        }
    }
}