{
    "thoughts": {
        "text": "To continue configuring CloudMounter and setting up the payment, we need to access the CloudMounter settings. The most suitable command for this task is `web_search` to search for documentation or instructions on how to access and modify the CloudMounter settings.",
        "reasoning": "By using the `web_search` command, we can search the web for relevant documentation or instructions on how to access and modify the CloudMounter settings.",
        "plan": "- Use the `web_search` command to search for documentation or instructions on accessing and modifying the CloudMounter settings.\n- Follow the instructions found to configure the settings and set up the payment.",
        "criticism": "Using the `web_search` command might require additional steps of reading and understanding the documentation to proceed with the configuration and payment setup.",
        "speak": "To configure CloudMounter and set up the payment, I will search the web using the `web_search` command for instructions on accessing and modifying the settings."
    },
    "command": {
        "name": "web_search",
        "args": {
            "query": "CloudMounter settings access and configuration instructions"
        }
    }
}