{
    "thoughts": {
        "text": "To continue configuring CloudMounter and setting up the payment, we need to access the CloudMounter settings. The most suitable command for this task is `browse_website` to directly visit the CloudMounter website and find instructions on how to configure the settings and set up the payment.",
        "reasoning": "By using the `browse_website` command, we can directly visit the CloudMounter website and navigate to the relevant instructions for configuring the settings and setting up the payment.",
        "plan": "- Use the `browse_website` command to visit the CloudMounter website.\n- Navigate to the instructions section or support page to find guidance on configuring the settings and setting up the payment.",
        "criticism": "Using the `browse_website` command relies on the availability of the CloudMounter website and the presence of detailed instructions.",
        "speak": "To configure CloudMounter and set up the payment, I will visit the CloudMounter website and find instructions using the `browse_website` command."
    },
    "command": {
        "name": "browse_website",
        "args": {
            "url": "https://cloudmounter.net",
            "question": "How to configure CloudMounter settings and set up payment?"
        }
    }
}