{
    "thoughts": {
        "text": "To continue configuring CloudMounter and setting up the payment, we need to access the CloudMounter settings. The most suitable command for this task is `execute_python_code` to interact with the CloudMounter settings and make the necessary configurations.",
        "reasoning": "By using the `execute_python_code` command, we can directly interact with the CloudMounter settings and make the necessary configurations.",
        "plan": "- Use the `execute_python_code` command to access and modify the CloudMounter settings.\n- Modify the settings to optimize performance and enable seamless access to cloud storage services.\n- Set up the payment settings, linking CloudMounter to the paid.php system for secure and reliable payments.",
        "criticism": "Using the `execute_python_code` command requires careful attention to detail to ensure correct modifications to the CloudMounter settings.",
        "speak": "To configure CloudMounter and set up the payment, I will access the settings using the `execute_python_code` command."
    },
    "command": {
        "name": "execute_python_code",
        "args": {
            "code": "",
            "name": ""
        }
    }
}