{
    "thoughts": {
        "text": "To accomplish the goal of developing a comprehensive API that integrates Google Drive with the operating system, I could create a Python script that utilizes the Google Drive API to manage file operations such as upload, download, and synchronization. This script can be executed to perform the necessary tasks. I will create a Python script and execute it to integrate Google Drive with the MegaConnector system.",
        "reasoning": "Creating a script to interact with the Google Drive API is an efficient way to integrate Google Drive with the MegaConnector system, as it allows for seamless file management and synchronization.",
        "plan": "- Create a Python script that utilizes the Google Drive API.\n- Use the script to perform file operations such as upload, download, and synchronization.\n- Execute the script to integrate Google Drive with the MegaConnector system.",
        "criticism": "",
        "speak": "To integrate Google Drive with the MegaConnector system, I will create a Python script that utilizes the Google Drive API. This script will enable seamless file management and synchronization. Shall I proceed with this plan?"
    },
    "command": {
        "name": "execute_python_code",
        "args": {
            "code": "import os\nfrom googleapiclient.discovery import build\nfrom google.oauth2.credentials import Credentials\n\n# Set up Google Drive API credentials\ncredentials = Credentials.from_authorized_user_file('google_drive_credentials.json', ['https://www.googleapis.com/auth/drive'])\ndrive_service = build('drive', 'v3', credentials=credentials)\n\n# Define file operations\ndef upload_file(file_path, folder_id):\n    file_name = os.path.basename(file_path)\n    file_metadata = {\n        'name': file_name,\n        'parents': [folder_id]\n    }\n    media_body = MediaFileUpload(file_path, resumable=True)\n    file = drive_service.files().create(\n        body=file_metadata,\n        media_body=media_body,\n        fields='id'\n    ).execute()\n    print(f'Uploaded {file_name} to Google Drive with ID: {file['id']}')\n\n# Execute file operations\nupload_file('example.txt', 'folder_id')",
            "name": "google_drive_integration.py"
        }
    }
}