{
    "thoughts": {
        "text": "To accomplish the goals, the next step is to create a file named '1.c' in the 'auto_gpt_workspace' directory and write the commented code to the disk.",
        "reasoning": "By creating a file and writing the commented code to the disk, we can document the codebase and make it more understandable for developers.",
        "plan": "1. Create a file named '1.c' in the 'auto_gpt_workspace' directory.\n2. Write the commented code to the file.",
        "criticism": "Ensure that the generated code is syntactically correct, follows best coding practices, and adheres to any existing code conventions in the codebase.",
        "speak": "To accomplish the goals, the next step is to create a file named '1.c' in the 'auto_gpt_workspace' directory and write the commented code to the disk."
    },
    "command": {
        "name": "write_to_file",
        "args": {
            "filename": "auto_gpt_workspace/1.c",
            "text": "/*\n * This code writes 'hello cat' to the console.\n *\\/\n\n#include <stdio.h>\n\nint main() {\n    printf('hello cat');\n    return 0;\n}"
        }
    }
}